<manifest alg="2" build="2015.0.0.309" opt="false" iceEnabled="true" iceMarkupVersion="2" exportTarget="other" domain="a.com" resolutions="1x" timestamp="1440720085749">
  <folder name="css">
    <file name="site_global.css" crc="4052507572"/>
    <file name="index.css" crc="3925322409" ref="index"/>
  </folder>
  <folder name="scripts">
    <file name="jquery-1.8.3.min.js" crc="4255413929" ref="index"/>
    <file name="museutils.js" crc="183364071" ref="index"/>
    <file name="jquery.watch.js" crc="71412426" ref="index"/>
    <file name="pie.js" crc="3827607177" ref="index"/>
  </folder>
  <folder name="images">
    <file name="unsplash_525f012329589_1.jpg" crc="3929632666" seo="true" ref="index"/>
    <file name="u631-grad.png" crc="4064898562" ref="index"/>
    <file name="c9e42240.jpg" crc="361820451" seo="true" ref="index"/>
    <file name="01_mock_start-screen.png" crc="2095354" seo="true" ref="index"/>
    <file name="chat_icon_big_1.png" crc="499339008" seo="true" ref="index"/>
    <file name="chat_icon_big_w2.png" crc="4196437243" seo="true" ref="index"/>
    <file name="easy_sign_web.png" crc="4273329537" seo="true" ref="index"/>
    <file name="ambulance.png" crc="118121302" seo="true" ref="index"/>
    <file name="hospital_search_web.png" crc="4193533841" seo="true" ref="index"/>
    <file name="alert_friends.png" crc="3810741007" seo="true" ref="index"/>
    <file name="dir_services_web.png" crc="3931471521" seo="true" ref="index"/>
    <file name="connect_devices_web.png" crc="3853860243" seo="true" ref="index"/>
  </folder>
  <file name="index.html" crc="415678602" seo="true" mt="1440719729386" redirect="true"/>
</manifest>