<manifest alg="2" build="2015.0.0.309" opt="false" iceEnabled="true" iceMarkupVersion="2" exportTarget="other" domain="a.com" resolutions="1x" timestamp="1442195015852">
  <folder name="css">
    <file name="site_global.css" crc="4052507572"/>
    <file name="index.css" crc="405889316" ref="index"/>
  </folder>
  <folder name="scripts">
    <file name="jquery-1.8.3.min.js" crc="4255413929" ref="index"/>
    <file name="museutils.js" crc="183364071" ref="index"/>
    <file name="jquery.watch.js" crc="71412426" ref="index"/>
  </folder>
  <folder name="images"/>
  <file name="index.html" crc="181516416" seo="true" mt="1442194573495" redirect="true"/>
</manifest>