<manifest alg="2" build="2015.0.0.309" opt="false" iceEnabled="true" iceMarkupVersion="2" exportTarget="other" domain="example.com" resolutions="1x" timestamp="1441695231463">
  <folder name="css">
    <file name="site_global.css" crc="4052507572"/>
    <file name="index.css" crc="494087085" ref="index"/>
  </folder>
  <folder name="scripts">
    <file name="jquery-1.8.3.min.js" crc="4255413929" ref="index"/>
    <file name="museutils.js" crc="183364071" ref="index"/>
    <file name="webpro.js" crc="3803554875" ref="index"/>
    <file name="musewpslideshow.js" crc="242596657" ref="index"/>
    <file name="jquery.museoverlay.js" crc="493285861" ref="index"/>
    <file name="touchswipe.js" crc="4038331989" ref="index"/>
    <file name="jquery.watch.js" crc="71412426" ref="index"/>
    <file name="jquery.musepolyfill.bgsize.js" crc="4004268962" ref="index"/>
    <file name="form_check.php" crc="277267350" ref="index"/>
    <file name="form_process.php" crc="24249335" ref="index"/>
    <file name="form-u904.php" crc="4259820093" ref="index"/>
    <file name="pie.js" crc="3827607177" ref="index"/>
    <file name="form_throttle.php" crc="3908387251" ref="index"/>
  </folder>
  <folder name="images">
    <file name="blank.gif" crc="4208392903" ref="index"/>
    <file name="loading.gif" crc="3815509949" ref="index"/>
    <file name="rameswaram (3).jpg" crc="3996771956" seo="true" ref="index"/>
    <file name="u915-17.png" crc="4218299225" ref="index"/>
    <file name="u915-17-r.png" crc="4278396916" ref="index"/>
    <file name="u915-17-m.png" crc="196374678" ref="index"/>
    <file name="u915-17-fs.png" crc="96274057" ref="index"/>
    <file name="checkboxunchecked.jpg" crc="3783961257" ref="index"/>
    <file name="checkboxuncheckedrollover.jpg" crc="3898835355" ref="index"/>
    <file name="checkboxuncheckedmousedown.jpg" crc="4019589203" ref="index"/>
    <file name="checkboxchecked.jpg" crc="3760363524" ref="index"/>
    <file name="checkboxcheckedrollover.jpg" crc="3914243265" ref="index"/>
    <file name="checkboxcheckedmousedown.jpg" crc="350609565" ref="index"/>
    <file name="favicon.ico" crc="4119262506" ref="index"/>
    <file name="showcase_001.jpg" crc="60327064" seo="true" ref="index"/>
    <file name="showcase_002.jpg" crc="4070853323" seo="true" ref="index"/>
    <file name="showcase_003.jpg" crc="3766662224" seo="true" ref="index"/>
    <file name="showcase_004.jpg" crc="4094767052" seo="true" ref="index"/>
    <file name="showcase_005.jpg" crc="3827798053" seo="true" ref="index"/>
    <file name="showcase_006.jpg" crc="4075392934" seo="true" ref="index"/>
    <file name="showcase_007.jpg" crc="199169922" seo="true" ref="index"/>
    <file name="showcase_008.jpg" crc="4101418384" seo="true" ref="index"/>
    <file name="showcase_009.jpg" crc="4208233984" seo="true" ref="index"/>
    <file name="showcase_010.jpg" crc="4210060161" seo="true" ref="index"/>
    <file name="showcase_011.jpg" crc="4209803497" seo="true" ref="index"/>
    <file name="showcase_001-crop-u1185.jpg" crc="40060276" ref="index"/>
    <file name="showcase_002-crop-u1282.jpg" crc="4288994578" ref="index"/>
    <file name="showcase_003-crop-u1291.jpg" crc="4073371314" ref="index"/>
    <file name="showcase_004-crop-u1300.jpg" crc="348675680" ref="index"/>
    <file name="showcase_005-crop-u1309.jpg" crc="4270869034" ref="index"/>
    <file name="showcase_006-crop-u1318.jpg" crc="523945139" ref="index"/>
    <file name="showcase_007-crop-u1327.jpg" crc="3795467179" ref="index"/>
    <file name="showcase_008-crop-u1336.jpg" crc="4265900102" ref="index"/>
    <file name="showcase_009-crop-u1345.jpg" crc="3760798257" ref="index"/>
    <file name="showcase_010-crop-u1354.jpg" crc="3903817433" ref="index"/>
    <file name="showcase_011-crop-u1363.jpg" crc="3949472210" ref="index"/>
    <file name="pngukprofile-pix-modify.png" crc="390639992" seo="true" ref="index"/>
    <file name="svgnewpristinelogo2.svg" crc="4159968134" ref="index"/>
    <file name="svgnewpristinelogo2_poster_.png" crc="4106102823" ref="index"/>
    <file name="name_pristine_4_web.svg" crc="4189749513" ref="index"/>
    <file name="name_pristine_4_web_poster_.png" crc="3832067225" ref="index"/>
  </folder>
  <file name="index.html" crc="4141485825" seo="true" mt="1441695166440" redirect="true"/>
</manifest>